{
  "comments": [
    {
      "timestamp": 1482850560,
      "data": [
        {
          "comment": {
            "timestamp": 1482850560,
            "comment": "Hi babai wish lasya \nHAPPY BIRTHDAY....",
            "author": "Sairaghava Chowdam"
          }
        }
      ],
      "title": "Sairaghava Chowdam commented on Srinivasa Rao Gundala's post."
    },
    {
      "timestamp": 1457616555,
      "attachments": [
        {
          "data": [
            {
              "media": {
                "uri": "photos_and_videos/stickers_used/851549_767334479959628_274486868_n_767334476626295.png"
              }
            }
          ]
        }
      ],
      "data": [
        {
          "comment": {
            "timestamp": 1457616555,
            "comment": "rey be careful,keep your account safe.......",
            "author": "Sairaghava Chowdam"
          }
        }
      ],
      "title": "Sairaghava Chowdam commented on Sai Sreelesh Chowdary Boddu's post."
    },
    {
      "timestamp": 1456334760,
      "data": [
        {
          "comment": {
            "timestamp": 1456334760,
            "comment": "y",
            "author": "Sairaghava Chowdam"
          }
        }
      ],
      "title": "Sairaghava Chowdam commented on \u00e0\u00b7\u0080\u00e0\u00b7\u0083\u00e0\u00b6\u00b9 \u00e0\u00b6\u009a\u00e0\u00b7\u0094\u00e0\u00b6\u00b8\u00e0\u00b7\u008f\u00e0\u00b6\u00bb\u00e0\u00b6\u00ba\u00e0\u00b7\u008f's post."
    },
    {
      "timestamp": 1431002476,
      "data": [
        {
          "comment": {
            "timestamp": 1431002476,
            "comment": "Thanks sir.",
            "author": "Sairaghava Chowdam"
          }
        }
      ],
      "title": "Sairaghava Chowdam commented on Venkatapullarao Ch's post."
    },
    {
      "timestamp": 1414146272,
      "data": [
        {
          "comment": {
            "timestamp": 1414146272,
            "comment": "Thanks pinni.",
            "author": "Sairaghava Chowdam"
          }
        }
      ],
      "title": "Sairaghava Chowdam commented on Aruna Muppuri's post."
    },
    {
      "timestamp": 1413466342,
      "data": [
        {
          "comment": {
            "timestamp": 1413466342,
            "comment": "wow.... excellent.",
            "author": "Sairaghava Chowdam"
          }
        }
      ],
      "title": "Sairaghava Chowdam commented on Aruna Muppuri's photo."
    },
    {
      "timestamp": 1404640939,
      "data": [
        {
          "comment": {
            "timestamp": 1404640938,
            "comment": "nice pic.",
            "author": "Sairaghava Chowdam",
            "group": "Family"
          }
        }
      ],
      "title": "Sairaghava Chowdam commented on Aruna Muppuri's post."
    },
    {
      "timestamp": 1402684187,
      "data": [
        {
          "comment": {
            "timestamp": 1402684187,
            "comment": "Xcellent",
            "author": "Sairaghava Chowdam"
          }
        }
      ],
      "title": "Sairaghava Chowdam commented on Aruna Muppuri's post."
    },
    {
      "timestamp": 1402648863,
      "data": [
        {
          "comment": {
            "timestamp": 1402648863,
            "comment": "hahahahaha",
            "author": "Sairaghava Chowdam"
          }
        }
      ],
      "title": "Sairaghava Chowdam commented on Srinivasa Rao Gundala's photo."
    },
    {
      "timestamp": 1402591647,
      "data": [
        {
          "comment": {
            "timestamp": 1402591647,
            "comment": "chala fast ga vundhi lasya bresh chayyataniki",
            "author": "Sairaghava Chowdam"
          }
        }
      ],
      "title": "Sairaghava Chowdam commented on Srinivasa Rao Gundala's photo."
    },
    {
      "timestamp": 1402556025,
      "data": [
        {
          "comment": {
            "timestamp": 1402556025,
            "comment": "cool",
            "author": "Sairaghava Chowdam"
          }
        }
      ],
      "title": "Sairaghava Chowdam commented on Murali Krishna's photo."
    },
    {
      "timestamp": 1402555063,
      "data": [
        {
          "comment": {
            "timestamp": 1402555063,
            "comment": "what are you looking for arjun?",
            "author": "Sairaghava Chowdam"
          }
        }
      ],
      "title": "Sairaghava Chowdam commented on Narasimha Rao Koramutla's photo."
    },
    {
      "timestamp": 1402554461,
      "data": [
        {
          "comment": {
            "timestamp": 1402554461,
            "comment": "arjun is looking like same as ritu",
            "author": "Sairaghava Chowdam"
          }
        }
      ],
      "title": "Sairaghava Chowdam commented on Aruna Muppuri's photo."
    },
    {
      "timestamp": 1402554175,
      "data": [
        {
          "comment": {
            "timestamp": 1402554175,
            "comment": "so cute",
            "author": "Sairaghava Chowdam"
          }
        }
      ],
      "title": "Sairaghava Chowdam commented on Aruna Muppuri's photo."
    },
    {
      "timestamp": 1402503854,
      "data": [
        {
          "comment": {
            "timestamp": 1402503854,
            "comment": "hi babai",
            "author": "Sairaghava Chowdam"
          }
        }
      ],
      "title": "Sairaghava Chowdam commented on Srinivasa Rao Gundala's post."
    }
  ]
}