{
  "wall_posts_sent_to_you": [
    {
      "timestamp": 1413474196,
      "data": [
        {
          "post": "Happy Birthday Sai. God Bless You:)"
        }
      ],
      "title": "Aruna Muppuri wrote on your timeline."
    },
    {
      "timestamp": 1413429542,
      "data": [
        {
          "post": "Happy Birthday ra saiii"
        }
      ],
      "title": "Murali Krishna wrote on your timeline."
    },
    {
      "timestamp": 1413407691,
      "data": [
        {
          "post": "Many more happy returns of the day Sai...!!!"
        }
      ],
      "title": "Srinivasa Rao Gundala wrote on your timeline."
    },
    {
      "timestamp": 1402492185,
      "data": [
        {
          "post": "hi sai"
        }
      ],
      "title": "Srinivasa Rao Gundala wrote on your timeline."
    }
  ]
}