{
  "status_updates": [
    {
      "timestamp": 1499417678,
      "attachments": [
        {
          "data": [
            {
              "place": {
                "name": "Cine Square Guntur",
                "coordinate": {
                  "latitude": 16.333226885847,
                  "longitude": 80.438220965368
                }
              }
            }
          ]
        }
      ],
      "data": [
        {
          "post": "Watching ninnu kori movie"
        }
      ],
      "title": "Sairaghava Chowdam was at Cine Square Guntur."
    },
    {
      "timestamp": 1498706137,
      "data": [
        {
          "post": "Wish you many more happy returns of the day mahi."
        }
      ],
      "title": "Sairaghava Chowdam wrote on Mahidhar Garlapati's Timeline."
    },
    {
      "timestamp": 1490450860,
      "attachments": [
        {
          "data": [
            {
              "external_context": {
                "url": "http://cc.co/16WxzR"
              }
            }
          ]
        },
        {
          "data": [
            {
              "external_context": {
                "url": "http://cc.co/16WxzR"
              }
            }
          ]
        }
      ],
      "title": "Sairaghava Chowdam shared a link."
    },
    {
      "timestamp": 1487655340,
      "attachments": [
        {
          "data": [
            {
              "media": {
                "uri": "photos_and_videos/your_posts/16835962_1853457948244122_8408572958448831151_o_1853457948244122.jpg",
                "creation_timestamp": 1487655338,
                "media_metadata": {
                  "photo_metadata": {
                    "camera_make": "HTC",
                    "camera_model": "HTC Desire 628 dual sim",
                    "modified_timestamp": 1487650513,
                    "exposure": "599/10000",
                    "focal_length": "350/100",
                    "f_stop": "24000/10000",
                    "iso_speed": 320,
                    "orientation": 1,
                    "original_width": 1440,
                    "original_height": 0,
                    "upload_ip": "223.182.122.81"
                  }
                },
                "comments": [
                  {
                    "timestamp": 1488017097,
                    "comment": "Dham boy Tarun Kumar Nelavalli",
                    "author": "Sai Krishna Chennamallu"
                  },
                  {
                    "timestamp": 1488017734,
                    "comment": "rai mama jokulu vadhu raa..#tarun",
                    "author": "Ravi Teja Thanikonda Tvr"
                  },
                  {
                    "timestamp": 1488026700,
                    "comment": "Super mama",
                    "author": "Aravind Chowdary"
                  },
                  {
                    "timestamp": 1488027352,
                    "comment": "Mama nvu koda velthava collage ki",
                    "author": "Dasu Strikes"
                  },
                  {
                    "timestamp": 1488027441,
                    "comment": "Veltunnadu ra e madhya",
                    "author": "Aravind Chowdary"
                  },
                  {
                    "timestamp": 1488027500,
                    "comment": "Avuna anduka varsham padatam ladu",
                    "author": "Dasu Strikes"
                  }
                ],
                "description": "Busy work for fest.............\nEnjoying a lot.........."
              }
            }
          ]
        }
      ],
      "tags": [
        "Tarun Kumar Nelavalli"
      ],
      "data": [
        {
          "post": "Busy work for fest.............\nEnjoying a lot.........."
        }
      ]
    },
    {
      "timestamp": 1482675670,
      "attachments": [
        {
          "data": [
            {
              "media": {
                "uri": "photos_and_videos/your_posts/15697670_1825727851017132_8577238844015269391_n_1825727851017132.jpg",
                "creation_timestamp": 1482675646,
                "media_metadata": {
                  "photo_metadata": {
                    "camera_make": "HTC",
                    "camera_model": "HTC Desire 628 dual sim",
                    "modified_timestamp": 1482666465,
                    "exposure": "50/10000",
                    "focal_length": "350/100",
                    "f_stop": "20000/10000",
                    "iso_speed": 100,
                    "latitude": 16.284919722222,
                    "longitude": 80.262687666667,
                    "orientation": 1,
                    "original_width": 960,
                    "original_height": 0,
                    "upload_ip": "223.182.125.137"
                  }
                }
              }
            },
            {
              "media": {
                "uri": "photos_and_videos/your_posts/15727269_1825727887683795_8195438003602635780_n_1825727887683795.jpg",
                "creation_timestamp": 1482675649,
                "media_metadata": {
                  "photo_metadata": {
                    "camera_make": "HTC",
                    "camera_model": "HTC Desire 628 dual sim",
                    "modified_timestamp": 1482666462,
                    "exposure": "50/10000",
                    "focal_length": "350/100",
                    "f_stop": "20000/10000",
                    "iso_speed": 100,
                    "latitude": 16.284919722222,
                    "longitude": 80.262687666667,
                    "orientation": 1,
                    "original_width": 960,
                    "original_height": 0,
                    "upload_ip": "223.182.125.137"
                  }
                }
              }
            },
            {
              "media": {
                "uri": "photos_and_videos/your_posts/15697470_1825727927683791_580039373824889479_n_1825727927683791.jpg",
                "creation_timestamp": 1482675652,
                "media_metadata": {
                  "photo_metadata": {
                    "camera_make": "HTC",
                    "camera_model": "HTC Desire 628 dual sim",
                    "modified_timestamp": 1482666450,
                    "exposure": "62/10000",
                    "focal_length": "350/100",
                    "f_stop": "20000/10000",
                    "iso_speed": 100,
                    "latitude": 16.284919722222,
                    "longitude": 80.262687666667,
                    "orientation": 1,
                    "original_width": 960,
                    "original_height": 0,
                    "upload_ip": "223.182.125.137"
                  }
                }
              }
            },
            {
              "media": {
                "uri": "photos_and_videos/your_posts/15726542_1825727987683785_2947734400726509793_n_1825727987683785.jpg",
                "creation_timestamp": 1482675655,
                "media_metadata": {
                  "photo_metadata": {
                    "camera_make": "HTC",
                    "camera_model": "HTC Desire 628 dual sim",
                    "modified_timestamp": 1482666449,
                    "exposure": "62/10000",
                    "focal_length": "350/100",
                    "f_stop": "20000/10000",
                    "iso_speed": 100,
                    "latitude": 16.284946416667,
                    "longitude": 80.262748694444,
                    "orientation": 1,
                    "original_width": 960,
                    "original_height": 0,
                    "upload_ip": "223.182.125.137"
                  }
                }
              }
            },
            {
              "media": {
                "uri": "photos_and_videos/your_posts/15727109_1825728027683781_307474307459845969_n_1825728027683781.jpg",
                "creation_timestamp": 1482675658,
                "media_metadata": {
                  "photo_metadata": {
                    "camera_make": "HTC",
                    "camera_model": "HTC Desire 628 dual sim",
                    "modified_timestamp": 1482666363,
                    "exposure": "100/10000",
                    "focal_length": "350/100",
                    "f_stop": "20000/10000",
                    "iso_speed": 125,
                    "latitude": 16.284816722222,
                    "longitude": 80.262680027778,
                    "orientation": 1,
                    "original_width": 546,
                    "original_height": 0,
                    "upload_ip": "223.182.125.137"
                  }
                }
              }
            },
            {
              "media": {
                "uri": "photos_and_videos/your_posts/15726784_1825728061017111_8804726567549642603_n_1825728061017111.jpg",
                "creation_timestamp": 1482675660,
                "media_metadata": {
                  "photo_metadata": {
                    "camera_make": "HTC",
                    "camera_model": "HTC Desire 628 dual sim",
                    "modified_timestamp": 1482665842,
                    "exposure": "100/10000",
                    "focal_length": "350/100",
                    "f_stop": "20000/10000",
                    "iso_speed": 125,
                    "latitude": 16.284799555556,
                    "longitude": 80.262779222222,
                    "orientation": 1,
                    "original_width": 960,
                    "original_height": 0,
                    "upload_ip": "223.182.125.137"
                  }
                }
              }
            },
            {
              "media": {
                "uri": "photos_and_videos/your_posts/15698213_1825728114350439_8426531767258541055_n_1825728114350439.jpg",
                "creation_timestamp": 1482675663,
                "media_metadata": {
                  "photo_metadata": {
                    "camera_make": "HTC",
                    "camera_model": "HTC Desire 628 dual sim",
                    "modified_timestamp": 1482666171,
                    "exposure": "200/10000",
                    "focal_length": "350/100",
                    "f_stop": "20000/10000",
                    "iso_speed": 125,
                    "latitude": 16.284822444444,
                    "longitude": 80.262695305556,
                    "orientation": 1,
                    "original_width": 546,
                    "original_height": 0,
                    "upload_ip": "223.182.125.137"
                  }
                }
              }
            },
            {
              "media": {
                "uri": "photos_and_videos/your_posts/15665820_1825728187683765_7308668969543299564_n_1825728187683765.jpg",
                "creation_timestamp": 1482675666,
                "media_metadata": {
                  "photo_metadata": {
                    "camera_make": "HTC",
                    "camera_model": "HTC Desire 628 dual sim",
                    "modified_timestamp": 1482665671,
                    "exposure": "66/10000",
                    "focal_length": "350/100",
                    "f_stop": "20000/10000",
                    "iso_speed": 100,
                    "latitude": 16.284757611111,
                    "longitude": 80.262786861111,
                    "orientation": 1,
                    "original_width": 960,
                    "original_height": 0,
                    "upload_ip": "223.182.125.137"
                  }
                }
              }
            },
            {
              "media": {
                "uri": "photos_and_videos/your_posts/15697418_1825728237683760_9212620209124123856_n_1825728237683760.jpg",
                "creation_timestamp": 1482675668,
                "media_metadata": {
                  "photo_metadata": {
                    "camera_make": "HTC",
                    "camera_model": "HTC Desire 628 dual sim",
                    "modified_timestamp": 1482665724,
                    "exposure": "88/10000",
                    "focal_length": "350/100",
                    "f_stop": "20000/10000",
                    "iso_speed": 100,
                    "latitude": 16.284757611111,
                    "longitude": 80.262786861111,
                    "orientation": 1,
                    "original_width": 960,
                    "original_height": 0,
                    "upload_ip": "223.182.125.137"
                  }
                }
              }
            }
          ]
        }
      ]
    },
    {
      "timestamp": 1481798375,
      "attachments": [
        {
          "data": [
            {
              "media": {
                "uri": "photos_and_videos/your_posts/15442349_1820972654825985_5123172898563628722_n_1820972654825985.jpg",
                "creation_timestamp": 1481798369,
                "media_metadata": {
                  "photo_metadata": {
                    "camera_make": "HTC",
                    "camera_model": "HTC Desire 628 dual sim",
                    "modified_timestamp": 1481793197,
                    "exposure": "36/10000",
                    "focal_length": "350/100",
                    "f_stop": "2/1",
                    "iso_speed": 100,
                    "latitude": 16.301261888889,
                    "longitude": 80.088996861111,
                    "orientation": 1,
                    "original_width": 960,
                    "original_height": 0,
                    "upload_ip": "223.182.85.101"
                  }
                }
              }
            },
            {
              "media": {
                "uri": "photos_and_videos/your_posts/15400910_1820972644825986_9093749822416112327_n_1820972644825986.jpg",
                "creation_timestamp": 1481798369,
                "media_metadata": {
                  "photo_metadata": {
                    "camera_make": "HTC",
                    "camera_model": "HTC Desire 628 dual sim",
                    "modified_timestamp": 1481793179,
                    "exposure": "29/10000",
                    "focal_length": "350/100",
                    "f_stop": "2/1",
                    "iso_speed": 100,
                    "latitude": 16.301261888889,
                    "longitude": 80.088996861111,
                    "orientation": 1,
                    "original_width": 960,
                    "original_height": 0,
                    "upload_ip": "223.182.85.101"
                  }
                }
              }
            },
            {
              "media": {
                "uri": "photos_and_videos/your_posts/15492306_1820972641492653_8917766304719431797_n_1820972641492653.jpg",
                "creation_timestamp": 1481798369,
                "media_metadata": {
                  "photo_metadata": {
                    "camera_make": "HTC",
                    "camera_model": "HTC Desire 628 dual sim",
                    "modified_timestamp": 1481793243,
                    "exposure": "27/10000",
                    "focal_length": "350/100",
                    "f_stop": "2/1",
                    "iso_speed": 100,
                    "latitude": 16.301317194444,
                    "longitude": 80.088935833333,
                    "orientation": 1,
                    "original_width": 960,
                    "original_height": 0,
                    "upload_ip": "223.182.85.101"
                  }
                }
              }
            },
            {
              "media": {
                "uri": "photos_and_videos/your_posts/15492330_1820972714825979_7015216455460074912_n_1820972714825979.jpg",
                "creation_timestamp": 1481798374,
                "media_metadata": {
                  "photo_metadata": {
                    "camera_make": "HTC",
                    "camera_model": "HTC Desire 628 dual sim",
                    "modified_timestamp": 1481793235,
                    "exposure": "31/10000",
                    "focal_length": "350/100",
                    "f_stop": "2/1",
                    "iso_speed": 100,
                    "latitude": 16.301317194444,
                    "longitude": 80.088935833333,
                    "orientation": 1,
                    "original_width": 960,
                    "original_height": 0,
                    "upload_ip": "223.182.85.101"
                  }
                }
              }
            },
            {
              "media": {
                "uri": "photos_and_videos/your_posts/15578475_1820972704825980_1656575309307819003_n_1820972704825980.jpg",
                "creation_timestamp": 1481798373,
                "media_metadata": {
                  "photo_metadata": {
                    "camera_make": "HTC",
                    "camera_model": "HTC Desire 628 dual sim",
                    "modified_timestamp": 1481793147,
                    "exposure": "34/10000",
                    "focal_length": "350/100",
                    "f_stop": "2/1",
                    "iso_speed": 100,
                    "latitude": 16.301252361111,
                    "longitude": 80.088981611111,
                    "orientation": 1,
                    "original_width": 960,
                    "original_height": 0,
                    "upload_ip": "223.182.85.101"
                  }
                }
              }
            },
            {
              "media": {
                "uri": "photos_and_videos/your_posts/15400307_1820972711492646_1985603127985054366_n_1820972711492646.jpg",
                "creation_timestamp": 1481798374,
                "media_metadata": {
                  "photo_metadata": {
                    "camera_make": "HTC",
                    "camera_model": "HTC Desire 628 dual sim",
                    "modified_timestamp": 1481793139,
                    "exposure": "34/10000",
                    "focal_length": "350/100",
                    "f_stop": "2/1",
                    "iso_speed": 100,
                    "orientation": 1,
                    "original_width": 960,
                    "original_height": 0,
                    "upload_ip": "223.182.85.101"
                  }
                }
              }
            }
          ]
        }
      ],
      "data": [
        {
          "post": "Great gardening by my mom......"
        }
      ]
    },
    {
      "timestamp": 1479034811,
      "attachments": [
        {
          "data": [
            {
              "media": {
                "uri": "photos_and_videos/your_posts/15002318_1805780989678485_8608061224348164176_o_1805780989678485.jpg",
                "creation_timestamp": 1479034653,
                "media_metadata": {
                  "photo_metadata": {
                    "camera_make": "SK communications",
                    "camera_model": "Cymera",
                    "modified_timestamp": 1478984269,
                    "exposure": "25/1000",
                    "focal_length": "4670/1000",
                    "f_stop": "2/1",
                    "iso_speed": 228,
                    "orientation": 0,
                    "original_width": 1415,
                    "original_height": 0,
                    "upload_ip": "157.48.70.96"
                  }
                }
              }
            },
            {
              "media": {
                "uri": "photos_and_videos/your_posts/15068890_1805781083011809_4358765176071420555_o_1805781083011809.jpg",
                "creation_timestamp": 1479034664,
                "media_metadata": {
                  "photo_metadata": {
                    "camera_make": "SK communications",
                    "camera_model": "Cymera",
                    "modified_timestamp": 1478983576,
                    "exposure": "62/1000",
                    "focal_length": "3750/1000",
                    "f_stop": "28/10",
                    "iso_speed": 400,
                    "orientation": 1,
                    "original_width": 1440,
                    "original_height": 0,
                    "upload_ip": "157.48.70.96"
                  }
                }
              }
            },
            {
              "media": {
                "uri": "photos_and_videos/your_posts/15000801_1805781133011804_8161437431806911092_o_1805781133011804.jpg",
                "creation_timestamp": 1479034670,
                "media_metadata": {
                  "photo_metadata": {
                    "camera_make": "SK communications",
                    "camera_model": "Cymera",
                    "modified_timestamp": 1478983371,
                    "exposure": "17/1000",
                    "focal_length": "4670/1000",
                    "f_stop": "2/1",
                    "iso_speed": 170,
                    "orientation": 1,
                    "original_width": 1440,
                    "original_height": 0,
                    "upload_ip": "157.48.70.96"
                  }
                }
              }
            },
            {
              "media": {
                "uri": "photos_and_videos/your_posts/15000058_1805781183011799_1758234945425386544_o_1805781183011799.jpg",
                "creation_timestamp": 1479034676,
                "media_metadata": {
                  "photo_metadata": {
                    "camera_make": "SK communications",
                    "camera_model": "Cymera",
                    "modified_timestamp": 1478983290,
                    "exposure": "25/1000",
                    "focal_length": "4670/1000",
                    "f_stop": "2/1",
                    "iso_speed": 188,
                    "orientation": 1,
                    "original_width": 1440,
                    "original_height": 0,
                    "upload_ip": "157.48.70.96"
                  }
                }
              }
            },
            {
              "media": {
                "uri": "photos_and_videos/your_posts/15016311_1805781226345128_1031839880468877946_o_1805781226345128.jpg",
                "creation_timestamp": 1479034687,
                "media_metadata": {
                  "photo_metadata": {
                    "camera_make": "SK communications",
                    "camera_model": "Cymera",
                    "modified_timestamp": 1478983198,
                    "iso_speed": 0,
                    "orientation": 1,
                    "original_width": 1440,
                    "original_height": 0,
                    "upload_ip": "157.48.70.96"
                  }
                }
              }
            },
            {
              "media": {
                "uri": "photos_and_videos/your_posts/14991120_1805781333011784_6017105461317940642_o_1805781333011784.jpg",
                "creation_timestamp": 1479034704,
                "media_metadata": {
                  "photo_metadata": {
                    "camera_make": "SK communications",
                    "camera_model": "Cymera",
                    "modified_timestamp": 1478982244,
                    "exposure": "25/1000",
                    "focal_length": "4670/1000",
                    "f_stop": "2/1",
                    "iso_speed": 249,
                    "orientation": 1,
                    "original_width": 1440,
                    "original_height": 0,
                    "upload_ip": "157.48.70.96"
                  }
                }
              }
            },
            {
              "media": {
                "uri": "photos_and_videos/your_posts/14991179_1805781419678442_3743016395199230175_o_1805781419678442.jpg",
                "creation_timestamp": 1479034720,
                "media_metadata": {
                  "photo_metadata": {
                    "camera_make": "SK communications",
                    "camera_model": "Cymera",
                    "modified_timestamp": 1478981995,
                    "exposure": "25/1000",
                    "focal_length": "4670/1000",
                    "f_stop": "2/1",
                    "iso_speed": 228,
                    "orientation": 1,
                    "original_width": 1440,
                    "original_height": 0,
                    "upload_ip": "157.48.70.96"
                  }
                }
              }
            },
            {
              "media": {
                "uri": "photos_and_videos/your_posts/15002338_1805781523011765_2340460659208223539_o_1805781523011765.jpg",
                "creation_timestamp": 1479034729,
                "media_metadata": {
                  "photo_metadata": {
                    "camera_make": "SK communications",
                    "camera_model": "Cymera",
                    "modified_timestamp": 1478981920,
                    "exposure": "25/1000",
                    "focal_length": "4670/1000",
                    "f_stop": "2/1",
                    "iso_speed": 234,
                    "orientation": 1,
                    "original_width": 1440,
                    "original_height": 0,
                    "upload_ip": "157.48.70.96"
                  }
                }
              }
            },
            {
              "media": {
                "uri": "photos_and_videos/your_posts/15068928_1805781563011761_2609353225154893820_o_1805781563011761.jpg",
                "creation_timestamp": 1479034733,
                "media_metadata": {
                  "photo_metadata": {
                    "camera_make": "SK communications",
                    "camera_model": "Cymera",
                    "modified_timestamp": 1478981637,
                    "exposure": "42/1000",
                    "focal_length": "4670/1000",
                    "f_stop": "2/1",
                    "iso_speed": 346,
                    "orientation": 1,
                    "original_width": 1080,
                    "original_height": 0,
                    "upload_ip": "157.48.70.96"
                  }
                }
              }
            },
            {
              "media": {
                "uri": "photos_and_videos/your_posts/15000698_1805781599678424_2723951746019749083_o_1805781599678424.jpg",
                "creation_timestamp": 1479034738,
                "media_metadata": {
                  "photo_metadata": {
                    "camera_make": "SK communications",
                    "camera_model": "Cymera",
                    "modified_timestamp": 1478981262,
                    "exposure": "17/1000",
                    "focal_length": "4670/1000",
                    "f_stop": "2/1",
                    "iso_speed": 160,
                    "orientation": 1,
                    "original_width": 1440,
                    "original_height": 0,
                    "upload_ip": "157.48.70.96"
                  }
                }
              }
            },
            {
              "media": {
                "uri": "photos_and_videos/your_posts/15000255_1805781699678414_6943116373762899306_o_1805781699678414.jpg",
                "creation_timestamp": 1479034748,
                "media_metadata": {
                  "photo_metadata": {
                    "camera_make": "SK communications",
                    "camera_model": "Cymera",
                    "modified_timestamp": 1478980650,
                    "exposure": "25/1000",
                    "focal_length": "4670/1000",
                    "f_stop": "2/1",
                    "iso_speed": 218,
                    "orientation": 1,
                    "original_width": 1440,
                    "original_height": 0,
                    "upload_ip": "157.48.70.96"
                  }
                }
              }
            },
            {
              "media": {
                "uri": "photos_and_videos/your_posts/15003236_1805781763011741_7047074047197001623_o_1805781763011741.jpg",
                "creation_timestamp": 1479034751,
                "media_metadata": {
                  "photo_metadata": {
                    "camera_make": "SK communications",
                    "camera_model": "Cymera",
                    "modified_timestamp": 1478980211,
                    "exposure": "25/1000",
                    "focal_length": "4670/1000",
                    "f_stop": "2/1",
                    "iso_speed": 228,
                    "orientation": 1,
                    "original_width": 880,
                    "original_height": 0,
                    "upload_ip": "157.48.70.96"
                  }
                }
              }
            },
            {
              "media": {
                "uri": "photos_and_videos/your_posts/15068535_1805781829678401_5256755036712851813_o_1805781829678401.jpg",
                "creation_timestamp": 1479034755,
                "media_metadata": {
                  "photo_metadata": {
                    "camera_make": "SK communications",
                    "camera_model": "Cymera",
                    "modified_timestamp": 1478979860,
                    "exposure": "25/1000",
                    "focal_length": "4670/1000",
                    "f_stop": "2/1",
                    "iso_speed": 228,
                    "orientation": 1,
                    "original_width": 1440,
                    "original_height": 0,
                    "upload_ip": "157.48.70.96"
                  }
                }
              }
            },
            {
              "media": {
                "uri": "photos_and_videos/your_posts/15003313_1805781919678392_5130272980546261626_o_1805781919678392.jpg",
                "creation_timestamp": 1479034762,
                "media_metadata": {
                  "photo_metadata": {
                    "camera_make": "SK communications",
                    "camera_model": "Cymera",
                    "modified_timestamp": 1478979002,
                    "exposure": "25/1000",
                    "focal_length": "4670/1000",
                    "f_stop": "2/1",
                    "iso_speed": 218,
                    "orientation": 1,
                    "original_width": 1008,
                    "original_height": 0,
                    "upload_ip": "157.48.70.96"
                  }
                }
              }
            },
            {
              "media": {
                "uri": "photos_and_videos/your_posts/14991320_1805781983011719_8673159419640334146_o_1805781983011719.jpg",
                "creation_timestamp": 1479034767,
                "media_metadata": {
                  "photo_metadata": {
                    "camera_make": "LGE",
                    "camera_model": "Nexus 5X",
                    "modified_timestamp": 1478949473,
                    "exposure": "17/1000",
                    "focal_length": "4670/1000",
                    "f_stop": "2/1",
                    "iso_speed": 170,
                    "orientation": 0,
                    "original_width": 1440,
                    "original_height": 0,
                    "upload_ip": "157.48.70.96"
                  }
                }
              }
            },
            {
              "media": {
                "uri": "photos_and_videos/your_posts/15042159_1805782036345047_8786338362861897919_o_1805782036345047.jpg",
                "creation_timestamp": 1479034772,
                "media_metadata": {
                  "photo_metadata": {
                    "camera_make": "samsung",
                    "camera_model": "SM-J500F",
                    "modified_timestamp": 1478945656,
                    "exposure": "67/10000",
                    "focal_length": "370/100",
                    "f_stop": "19/10",
                    "iso_speed": 64,
                    "latitude": 17.417291638889,
                    "longitude": 78.466102583333,
                    "orientation": 8,
                    "original_width": 1440,
                    "original_height": 0,
                    "upload_ip": "157.48.70.96"
                  }
                }
              }
            },
            {
              "media": {
                "uri": "photos_and_videos/your_posts/15000848_1805782073011710_693907876431205958_o_1805782073011710.jpg",
                "creation_timestamp": 1479034777,
                "media_metadata": {
                  "photo_metadata": {
                    "camera_make": "samsung",
                    "camera_model": "SM-J500F",
                    "modified_timestamp": 1478945654,
                    "exposure": "69/10000",
                    "focal_length": "370/100",
                    "f_stop": "19/10",
                    "iso_speed": 64,
                    "latitude": 17.417291638889,
                    "longitude": 78.466102583333,
                    "orientation": 1,
                    "original_width": 1440,
                    "original_height": 0,
                    "upload_ip": "157.48.70.96"
                  }
                }
              }
            },
            {
              "media": {
                "uri": "photos_and_videos/your_posts/15042109_1805782129678371_5325938390040861249_o_1805782129678371.jpg",
                "creation_timestamp": 1479034783,
                "media_metadata": {
                  "photo_metadata": {
                    "camera_make": "samsung",
                    "camera_model": "SM-J500F",
                    "modified_timestamp": 1478945653,
                    "exposure": "67/10000",
                    "focal_length": "370/100",
                    "f_stop": "19/10",
                    "iso_speed": 64,
                    "latitude": 17.417291638889,
                    "longitude": 78.466102583333,
                    "orientation": 1,
                    "original_width": 1440,
                    "original_height": 0,
                    "upload_ip": "157.48.70.96"
                  }
                }
              }
            },
            {
              "media": {
                "uri": "photos_and_videos/your_posts/15042040_1805782156345035_8256805565673670644_o_1805782156345035.jpg",
                "creation_timestamp": 1479034788,
                "media_metadata": {
                  "photo_metadata": {
                    "camera_make": "samsung",
                    "camera_model": "SM-J500F",
                    "modified_timestamp": 1478945651,
                    "exposure": "67/10000",
                    "focal_length": "370/100",
                    "f_stop": "19/10",
                    "iso_speed": 64,
                    "latitude": 17.417291638889,
                    "longitude": 78.466102583333,
                    "orientation": 1,
                    "original_width": 1440,
                    "original_height": 0,
                    "upload_ip": "157.48.70.96"
                  }
                }
              }
            },
            {
              "media": {
                "uri": "photos_and_videos/your_posts/14976717_1805782206345030_7017917039996214256_o_1805782206345030.jpg",
                "creation_timestamp": 1479034793,
                "media_metadata": {
                  "photo_metadata": {
                    "camera_make": "samsung",
                    "camera_model": "SM-J500F",
                    "modified_timestamp": 1478945646,
                    "exposure": "63/10000",
                    "focal_length": "370/100",
                    "f_stop": "19/10",
                    "iso_speed": 64,
                    "latitude": 17.417291638889,
                    "longitude": 78.466102583333,
                    "orientation": 1,
                    "original_width": 1440,
                    "original_height": 0,
                    "upload_ip": "157.48.70.96"
                  }
                }
              }
            },
            {
              "media": {
                "uri": "photos_and_videos/your_posts/15025196_1805782249678359_924445079104708750_o_1805782249678359.jpg",
                "creation_timestamp": 1479034798,
                "media_metadata": {
                  "photo_metadata": {
                    "camera_make": "samsung",
                    "camera_model": "SM-J500F",
                    "modified_timestamp": 1478945617,
                    "exposure": "67/10000",
                    "focal_length": "370/100",
                    "f_stop": "19/10",
                    "iso_speed": 64,
                    "latitude": 17.416690805556,
                    "longitude": 78.466209388889,
                    "orientation": 1,
                    "original_width": 1440,
                    "original_height": 0,
                    "upload_ip": "157.48.70.96"
                  }
                }
              }
            },
            {
              "media": {
                "uri": "photos_and_videos/your_posts/15042270_1805782286345022_7483311350245426922_o_1805782286345022.jpg",
                "creation_timestamp": 1479034803,
                "media_metadata": {
                  "photo_metadata": {
                    "camera_make": "samsung",
                    "camera_model": "SM-J500F",
                    "modified_timestamp": 1478945616,
                    "exposure": "65/10000",
                    "focal_length": "370/100",
                    "f_stop": "19/10",
                    "iso_speed": 64,
                    "latitude": 17.416690805556,
                    "longitude": 78.466209388889,
                    "orientation": 1,
                    "original_width": 1440,
                    "original_height": 0,
                    "upload_ip": "157.48.70.96"
                  }
                }
              }
            },
            {
              "media": {
                "uri": "photos_and_videos/your_posts/15039693_1805782346345016_3371378797745756702_o_1805782346345016.jpg",
                "creation_timestamp": 1479034808,
                "media_metadata": {
                  "photo_metadata": {
                    "camera_make": "samsung",
                    "camera_model": "SM-J500F",
                    "modified_timestamp": 1478945595,
                    "exposure": "32/10000",
                    "focal_length": "370/100",
                    "f_stop": "19/10",
                    "iso_speed": 64,
                    "latitude": 17.41662025,
                    "longitude": 78.466217027778,
                    "orientation": 1,
                    "original_width": 1440,
                    "original_height": 0,
                    "upload_ip": "157.48.70.96"
                  }
                }
              }
            }
          ]
        }
      ],
      "tags": [
        "Aruna Muppuri"
      ]
    },
    {
      "timestamp": 1474628018,
      "title": "Sairaghava Chowdam shared a photo."
    },
    {
      "timestamp": 1465742811,
      "tags": [
        "Narasimha Rao Koramutla"
      ],
      "title": "Sairaghava Chowdam was with Narasimha Rao Koramutla."
    },
    {
      "timestamp": 1461044936,
      "data": [
        {
          "post": "wish you many many happy returns of the day......."
        }
      ],
      "title": "Sairaghava Chowdam wrote on Krishna Vamsi's Timeline."
    },
    {
      "timestamp": 1459613162,
      "data": [
        {
          "post": "Hey karthik wish you many many happy retuns of the day ra......\n\u00f3\u00be\u00b0\u0080\u00f3\u00be\u008d\u0087\u00f3\u00be\u008c\u00b4\u00f3\u00be\u008c\u00b8."
        }
      ],
      "title": "Sairaghava Chowdam wrote on K\u00c3\u00a3\u00c5\u0099 Th\u00c3\u00ae\u00c4\u00b7's Timeline."
    },
    {
      "timestamp": 1434883816,
      "attachments": [
        {
          "data": [
            {
              "media": {
                "uri": "photos_and_videos/your_posts/11415493_1613313995591853_7481340749181350532_o_1613313995591853.jpg",
                "creation_timestamp": 1434883813,
                "media_metadata": {
                  "photo_metadata": {
                    "modified_timestamp": 1434883814,
                    "iso_speed": 0,
                    "orientation": 0,
                    "original_width": 1167,
                    "original_height": 0,
                    "upload_ip": "117.231.108.50"
                  }
                },
                "description": "Happy father's day."
              }
            }
          ]
        }
      ]
    },
    {
      "timestamp": 1431272855,
      "attachments": [
        {
          "data": [
            {
              "media": {
                "uri": "photos_and_videos/your_posts/11194626_1598527963737123_81978991933426896_o_1598527963737123.jpg",
                "creation_timestamp": 1431272848,
                "media_metadata": {
                  "photo_metadata": {
                    "modified_timestamp": 1431272835,
                    "iso_speed": 0,
                    "orientation": 0,
                    "original_width": 1024,
                    "original_height": 0,
                    "upload_ip": "117.230.241.210"
                  }
                },
                "description": "Happy mother's day."
              }
            }
          ]
        }
      ]
    },
    {
      "timestamp": 1430898285,
      "attachments": [
        {
          "data": [
            {
              "media": {
                "uri": "photos_and_videos/your_posts/20429_1597300487193204_3664520991395711521_n_1597300487193204.jpg",
                "creation_timestamp": 1430898282,
                "media_metadata": {
                  "photo_metadata": {
                    "modified_timestamp": 1430898116,
                    "iso_speed": 0,
                    "orientation": 0,
                    "original_width": 720,
                    "original_height": 0,
                    "upload_ip": "117.252.50.49"
                  }
                },
                "comments": [
                  {
                    "timestamp": 1430904060,
                    "comment": "Anna eppudu tisukunaru Diksha............",
                    "author": "Taraka Narasimha Kumar Boggaram"
                  }
                ]
              }
            }
          ]
        }
      ]
    },
    {
      "timestamp": 1430801499,
      "title": "Sairaghava Chowdam shared a photo."
    },
    {
      "timestamp": 1430622227,
      "title": "Sairaghava Chowdam shared a photo."
    },
    {
      "timestamp": 1429592943,
      "title": "Sairaghava Chowdam shared a photo."
    },
    {
      "timestamp": 1427558541,
      "title": "Sairaghava Chowdam shared a post."
    },
    {
      "timestamp": 1427558459,
      "title": "Sairaghava Chowdam shared a post."
    },
    {
      "timestamp": 1407645277,
      "attachments": [
        {
          "data": [
            {
              "external_context": {
                "url": "http://youtu.be/8lTwOJj0TfQ?list=UU8mbSexPity9eEIHr547pUQ"
              }
            }
          ]
        },
        {
          "data": [
            {
              "external_context": {
                "url": "http://youtu.be/8lTwOJj0TfQ?list=UU8mbSexPity9eEIHr547pUQ"
              }
            }
          ]
        }
      ],
      "title": "Sairaghava Chowdam shared a link."
    },
    {
      "timestamp": 1407216432,
      "title": "Sairaghava Chowdam shared a photo."
    },
    {
      "timestamp": 1406996898,
      "title": "Sairaghava Chowdam shared a photo."
    },
    {
      "timestamp": 1406125669,
      "attachments": [
        {
          "data": [
            {
              "media": {
                "uri": "photos_and_videos/your_posts/10422984_1458275377762383_3646752852680612999_n_1458275377762383.jpg",
                "creation_timestamp": 1406125668,
                "media_metadata": {
                  "photo_metadata": {
                    "iso_speed": 0,
                    "orientation": 0,
                    "original_width": 0,
                    "original_height": 0,
                    "upload_ip": "42.104.62.147"
                  }
                }
              }
            }
          ]
        }
      ]
    },
    {
      "timestamp": 1404883068,
      "title": "Sairaghava Chowdam shared a photo."
    },
    {
      "timestamp": 1404798448,
      "attachments": [
        {
          "data": [
            {
              "media": {
                "uri": "photos_and_videos/your_posts/10458940_1453259601597294_7552722865886875871_o_1453259601597294.jpg",
                "creation_timestamp": 1404798447,
                "media_metadata": {
                  "photo_metadata": {
                    "iso_speed": 0,
                    "orientation": 0,
                    "original_width": 0,
                    "original_height": 0,
                    "upload_ip": "42.104.62.103"
                  }
                },
                "description": "excellent enginering,which has all features in it."
              }
            }
          ]
        }
      ]
    },
    {
      "timestamp": 1404746231,
      "attachments": [
        {
          "data": [
            {
              "media": {
                "uri": "photos_and_videos/your_posts/10355605_1453069408282980_2444057047122671963_o_1453069408282980.jpg",
                "creation_timestamp": 1404746229,
                "media_metadata": {
                  "photo_metadata": {
                    "iso_speed": 0,
                    "orientation": 0,
                    "original_width": 0,
                    "original_height": 0,
                    "upload_ip": "42.104.61.225"
                  }
                },
                "description": "wonderful enginering."
              }
            }
          ]
        }
      ]
    },
    {
      "timestamp": 1404722764,
      "title": "Sairaghava Chowdam shared a photo."
    },
    {
      "timestamp": 1404521510,
      "title": "Sairaghava Chowdam shared a photo."
    },
    {
      "timestamp": 1404487172,
      "title": "Sairaghava Chowdam shared a photo."
    },
    {
      "timestamp": 1404461450,
      "title": "Sairaghava Chowdam shared a photo."
    },
    {
      "timestamp": 1404444786,
      "title": "Sairaghava Chowdam shared a photo."
    },
    {
      "timestamp": 1404277515,
      "title": "Sairaghava Chowdam shared a photo."
    },
    {
      "timestamp": 1404275782,
      "attachments": [
        {
          "data": [
            {
              "media": {
                "uri": "photos_and_videos/your_posts/10448505_1451326905123897_5632173686367643809_o_1451326905123897.jpg",
                "creation_timestamp": 1404275776,
                "media_metadata": {
                  "photo_metadata": {
                    "iso_speed": 0,
                    "orientation": 0,
                    "original_width": 0,
                    "original_height": 0,
                    "upload_ip": "42.104.62.10"
                  }
                }
              }
            }
          ]
        }
      ]
    },
    {
      "timestamp": 1404275095,
      "title": "Sairaghava Chowdam shared a photo."
    },
    {
      "timestamp": 1404237854,
      "title": "Sairaghava Chowdam shared a photo."
    },
    {
      "timestamp": 1404029485,
      "title": "Sairaghava Chowdam shared a photo."
    },
    {
      "timestamp": 1404029393,
      "title": "Sairaghava Chowdam shared a photo."
    },
    {
      "timestamp": 1403797672,
      "title": "Sairaghava Chowdam shared a photo."
    },
    {
      "timestamp": 1403628578,
      "title": "Sairaghava Chowdam shared a photo."
    },
    {
      "timestamp": 1403627917,
      "title": "Sairaghava Chowdam shared a photo."
    },
    {
      "timestamp": 1403616474,
      "attachments": [
        {
          "data": [
            {
              "media": {
                "uri": "photos_and_videos/your_posts/10443193_1448775032045751_5511370400496865771_o_1448775032045751.jpg",
                "creation_timestamp": 1403616472,
                "media_metadata": {
                  "photo_metadata": {
                    "iso_speed": 0,
                    "orientation": 0,
                    "original_width": 0,
                    "original_height": 0,
                    "upload_ip": "42.104.60.126"
                  }
                }
              }
            }
          ]
        }
      ]
    },
    {
      "timestamp": 1403616188,
      "attachments": [
        {
          "data": [
            {
              "media": {
                "uri": "photos_and_videos/your_posts/1907783_1448773835379204_2629744848305661625_o_1448773835379204.jpg",
                "creation_timestamp": 1403616185,
                "media_metadata": {
                  "photo_metadata": {
                    "iso_speed": 0,
                    "orientation": 0,
                    "original_width": 0,
                    "original_height": 0,
                    "upload_ip": "42.104.60.126"
                  }
                }
              }
            }
          ]
        }
      ]
    },
    {
      "timestamp": 1403610663,
      "title": "Sairaghava Chowdam shared a photo."
    },
    {
      "timestamp": 1403610529,
      "title": "Sairaghava Chowdam shared a photo."
    },
    {
      "timestamp": 1403610151,
      "title": "Sairaghava Chowdam shared a photo."
    },
    {
      "timestamp": 1403610069,
      "title": "Sairaghava Chowdam shared a photo."
    },
    {
      "timestamp": 1403543985,
      "title": "Sairaghava Chowdam shared a photo."
    },
    {
      "timestamp": 1403543822,
      "title": "Sairaghava Chowdam shared a photo."
    },
    {
      "timestamp": 1403543799,
      "title": "Sairaghava Chowdam shared a photo."
    },
    {
      "timestamp": 1403149715,
      "data": [
        {
          "post": "Ente ra hostel ki vellava.....?"
        }
      ],
      "title": "Sairaghava Chowdam wrote on Venigandla Rohit Venkatesh's Timeline."
    },
    {
      "timestamp": 1403103837,
      "attachments": [
        {
          "data": [
            {
              "media": {
                "uri": "photos_and_videos/your_posts/10428398_1446593168930604_4896411235284437812_o_1446593168930604.jpg",
                "creation_timestamp": 1403103835,
                "media_metadata": {
                  "photo_metadata": {
                    "iso_speed": 0,
                    "orientation": 0,
                    "original_width": 0,
                    "original_height": 0,
                    "upload_ip": "42.104.62.36"
                  }
                },
                "description": "Dale Steyn"
              }
            }
          ]
        }
      ]
    },
    {
      "timestamp": 1403103510,
      "attachments": [
        {
          "data": [
            {
              "media": {
                "uri": "photos_and_videos/your_posts/1465337_1446592078930713_8589016140179980655_n_1446592078930713.jpg",
                "creation_timestamp": 1403103509,
                "media_metadata": {
                  "photo_metadata": {
                    "iso_speed": 0,
                    "orientation": 0,
                    "original_width": 0,
                    "original_height": 0,
                    "upload_ip": "42.104.62.36"
                  }
                }
              }
            }
          ]
        }
      ]
    },
    {
      "timestamp": 1403013479,
      "attachments": [
        {
          "data": [
            {
              "media": {
                "uri": "photos_and_videos/your_posts/10371511_1446231272300127_1660802234675887498_n_1446231272300127.jpg",
                "creation_timestamp": 1403013478,
                "media_metadata": {
                  "photo_metadata": {
                    "iso_speed": 0,
                    "orientation": 0,
                    "original_width": 0,
                    "original_height": 0,
                    "upload_ip": "42.104.61.31"
                  }
                }
              }
            }
          ]
        }
      ]
    },
    {
      "timestamp": 1402943377,
      "attachments": [
        {
          "data": [
            {
              "media": {
                "uri": "photos_and_videos/your_posts/10384370_1445970598992861_649311281515868100_n_1445970598992861.jpg",
                "creation_timestamp": 1402943374,
                "media_metadata": {
                  "photo_metadata": {
                    "iso_speed": 0,
                    "orientation": 0,
                    "original_width": 0,
                    "original_height": 0,
                    "upload_ip": "42.104.61.51"
                  }
                }
              }
            },
            {
              "media": {
                "uri": "photos_and_videos/your_posts/1399797_1445970595659528_5968227947443864278_o_1445970595659528.jpg",
                "creation_timestamp": 1402943374,
                "media_metadata": {
                  "photo_metadata": {
                    "iso_speed": 0,
                    "orientation": 0,
                    "original_width": 0,
                    "original_height": 0,
                    "upload_ip": "42.104.61.51"
                  }
                }
              }
            }
          ]
        }
      ]
    },
    {
      "timestamp": 1402902682,
      "title": "Sairaghava Chowdam shared a post."
    },
    {
      "timestamp": 1402902547,
      "title": "Sairaghava Chowdam shared a photo."
    },
    {
      "timestamp": 1402840105,
      "data": [
        {
          "post": "hi babai......"
        }
      ],
      "title": "Sairaghava Chowdam wrote on Taraka Narasimha Kumar Boggaram's Timeline."
    },
    {
      "timestamp": 1402839886,
      "data": [
        {
          "post": "How are you babai?"
        }
      ],
      "title": "Sairaghava Chowdam wrote on Srinivasa Rao Gundala's Timeline."
    },
    {
      "timestamp": 1402838280,
      "data": [
        {
          "post": "hi venkatesh"
        }
      ],
      "title": "Sairaghava Chowdam wrote on Venigandla Rohit Venkatesh's Timeline."
    },
    {
      "timestamp": 1402685554,
      "title": "Sairaghava Chowdam shared a photo."
    },
    {
      "timestamp": 1402685438,
      "title": "Sairaghava Chowdam shared a photo."
    },
    {
      "timestamp": 1402684710,
      "title": "Sairaghava Chowdam shared a photo."
    },
    {
      "timestamp": 1402684213,
      "title": "Sairaghava Chowdam shared a photo."
    },
    {
      "timestamp": 1402684000,
      "title": "Sairaghava Chowdam shared a post."
    },
    {
      "timestamp": 1402683923,
      "title": "Sairaghava Chowdam shared a photo."
    },
    {
      "timestamp": 1402683708,
      "title": "Sairaghava Chowdam shared a photo."
    },
    {
      "timestamp": 1402683683,
      "title": "Sairaghava Chowdam shared an album."
    },
    {
      "timestamp": 1402683647,
      "title": "Sairaghava Chowdam shared a photo."
    },
    {
      "timestamp": 1402584208,
      "title": "Sairaghava Chowdam shared a photo."
    },
    {
      "timestamp": 1402584180,
      "title": "Sairaghava Chowdam shared a photo."
    },
    {
      "timestamp": 1402584112,
      "title": "Sairaghava Chowdam shared an album."
    },
    {
      "timestamp": 1402584028,
      "title": "Sairaghava Chowdam shared a photo."
    },
    {
      "timestamp": 1402560194,
      "title": "Sairaghava Chowdam shared a photo."
    },
    {
      "timestamp": 1402559990,
      "title": "Sairaghava Chowdam shared a photo."
    },
    {
      "timestamp": 1402559960,
      "title": "Sairaghava Chowdam shared a photo."
    },
    {
      "timestamp": 1402556216,
      "title": "Sairaghava Chowdam shared a photo."
    },
    {
      "timestamp": 1402555765,
      "title": "Sairaghava Chowdam shared a photo."
    },
    {
      "timestamp": 1402555508,
      "title": "Sairaghava Chowdam shared a photo."
    },
    {
      "timestamp": 1402554593,
      "title": "Sairaghava Chowdam shared a photo."
    },
    {
      "timestamp": 1402553725,
      "data": [
        {
          "post": "hi baba,how is lasya"
        }
      ],
      "title": "Sairaghava Chowdam wrote on Srinivasa Rao Gundala's Timeline."
    }
  ]
}