{
  "page_likes": [
    {
      "timestamp": 1488443488,
      "data": [
        {
          "name": "Samantha Akkineni"
        }
      ],
      "title": "Sairaghava Chowdam likes Samantha Akkineni."
    },
    {
      "timestamp": 1488443486,
      "data": [
        {
          "name": "Rakul Preet"
        }
      ],
      "title": "Sairaghava Chowdam likes Rakul Preet."
    },
    {
      "timestamp": 1479633946,
      "data": [
        {
          "name": "AJ Styles"
        }
      ],
      "title": "Sairaghava Chowdam likes AJ Styles."
    },
    {
      "timestamp": 1478928809,
      "data": [
        {
          "name": "cricbuzz"
        }
      ],
      "title": "Sairaghava Chowdam likes cricbuzz."
    },
    {
      "timestamp": 1478928806,
      "data": [
        {
          "name": "Circle Of Cricket"
        }
      ],
      "title": "Sairaghava Chowdam likes Circle Of Cricket."
    },
    {
      "timestamp": 1478928784,
      "data": [
        {
          "name": "Sachin Tendulkar"
        }
      ],
      "title": "Sairaghava Chowdam likes Sachin Tendulkar."
    },
    {
      "timestamp": 1464516400,
      "data": [
        {
          "name": "Kapil sharma"
        }
      ],
      "title": "Sairaghava Chowdam likes Kapil sharma."
    },
    {
      "timestamp": 1464516390,
      "data": [
        {
          "name": "IPL - Indian Premier League"
        }
      ],
      "title": "Sairaghava Chowdam likes IPL - Indian Premier League."
    },
    {
      "timestamp": 1464516383,
      "data": [
        {
          "name": "Leo Messi"
        }
      ],
      "title": "Sairaghava Chowdam likes Leo Messi."
    },
    {
      "timestamp": 1457431034,
      "data": [
        {
          "name": "Yo! Yo! Honey Singh"
        }
      ],
      "title": "Sairaghava Chowdam likes Yo! Yo! Honey Singh."
    },
    {
      "timestamp": 1457431026,
      "data": [
        {
          "name": "Harbhajan Singh"
        }
      ],
      "title": "Sairaghava Chowdam likes Harbhajan Singh."
    },
    {
      "timestamp": 1457431024,
      "data": [
        {
          "name": "Rohit Sharma"
        }
      ],
      "title": "Sairaghava Chowdam likes Rohit Sharma."
    },
    {
      "timestamp": 1457431016,
      "data": [
        {
          "name": "Jasprit Bumrah"
        }
      ],
      "title": "Sairaghava Chowdam likes Jasprit Bumrah."
    },
    {
      "timestamp": 1457296913,
      "data": [
        {
          "name": "The GYM"
        }
      ],
      "title": "Sairaghava Chowdam likes The GYM."
    },
    {
      "timestamp": 1441550818,
      "data": [
        {
          "name": "Rana Daggubati"
        }
      ],
      "title": "Sairaghava Chowdam likes Rana Daggubati."
    },
    {
      "timestamp": 1441550700,
      "data": [
        {
          "name": "Stunt ke Deewane"
        }
      ],
      "title": "Sairaghava Chowdam likes Stunt ke Deewane."
    },
    {
      "timestamp": 1432369442,
      "data": [
        {
          "name": "Umesh Yadav"
        }
      ],
      "title": "Sairaghava Chowdam likes Umesh Yadav."
    },
    {
      "timestamp": 1430110085,
      "data": [
        {
          "name": "Cricket For India"
        }
      ],
      "title": "Sairaghava Chowdam likes Cricket For India."
    },
    {
      "timestamp": 1430110068,
      "data": [
        {
          "name": "Saina Nehwal"
        }
      ],
      "title": "Sairaghava Chowdam likes Saina Nehwal."
    },
    {
      "timestamp": 1429683926,
      "data": [
        {
          "name": "Bhuvneshwar Kumar"
        }
      ],
      "title": "Sairaghava Chowdam likes Bhuvneshwar Kumar."
    },
    {
      "timestamp": 1429548031,
      "data": [
        {
          "name": "Nemo"
        }
      ],
      "title": "Sairaghava Chowdam likes Nemo."
    },
    {
      "timestamp": 1411035639,
      "data": [
        {
          "name": "Cameron White"
        }
      ],
      "title": "Sairaghava Chowdam likes Cameron White."
    },
    {
      "timestamp": 1411035637,
      "data": [
        {
          "name": "Suresh Raina"
        }
      ],
      "title": "Sairaghava Chowdam likes Suresh Raina."
    },
    {
      "timestamp": 1409121888,
      "data": [
        {
          "name": "I Support Narendra Modi"
        }
      ],
      "title": "Sairaghava Chowdam likes I Support Narendra Modi."
    },
    {
      "timestamp": 1409121871,
      "data": [
        {
          "name": "Dolph Ziggler"
        }
      ],
      "title": "Sairaghava Chowdam likes Dolph Ziggler."
    },
    {
      "timestamp": 1409111413,
      "data": [
        {
          "name": "WWE Studios"
        }
      ],
      "title": "Sairaghava Chowdam likes WWE Studios."
    },
    {
      "timestamp": 1409111404,
      "data": [
        {
          "name": "Chris Jericho"
        }
      ],
      "title": "Sairaghava Chowdam likes Chris Jericho."
    },
    {
      "timestamp": 1409111401,
      "data": [
        {
          "name": "Stone Cold Steve Austin"
        }
      ],
      "title": "Sairaghava Chowdam likes Stone Cold Steve Austin."
    },
    {
      "timestamp": 1409110483,
      "data": [
        {
          "name": "Kevin Pietersen"
        }
      ],
      "title": "Sairaghava Chowdam likes Kevin Pietersen."
    },
    {
      "timestamp": 1409110476,
      "data": [
        {
          "name": "Nithiin"
        }
      ],
      "title": "Sairaghava Chowdam likes Nithiin."
    },
    {
      "timestamp": 1408537481,
      "data": [
        {
          "name": "Big Show"
        }
      ],
      "title": "Sairaghava Chowdam likes Big Show."
    },
    {
      "timestamp": 1408537347,
      "data": [
        {
          "name": "Brock Lesnar"
        }
      ],
      "title": "Sairaghava Chowdam likes Brock Lesnar."
    },
    {
      "timestamp": 1408537325,
      "data": [
        {
          "name": "WWE Network"
        }
      ],
      "title": "Sairaghava Chowdam likes WWE Network."
    },
    {
      "timestamp": 1406633265,
      "data": [
        {
          "name": "alexsmolik"
        }
      ],
      "title": "Sairaghava Chowdam likes alexsmolik."
    },
    {
      "timestamp": 1406633262,
      "data": [
        {
          "name": "Bulletproof Automotive / GT-RR"
        }
      ],
      "title": "Sairaghava Chowdam likes Bulletproof Automotive / GT-RR."
    },
    {
      "timestamp": 1406633257,
      "data": [
        {
          "name": "Narendra Modi"
        }
      ],
      "title": "Sairaghava Chowdam likes Narendra Modi."
    },
    {
      "timestamp": 1406633251,
      "data": [
        {
          "name": "Marchettino"
        }
      ],
      "title": "Sairaghava Chowdam likes Marchettino."
    },
    {
      "timestamp": 1406633244,
      "data": [
        {
          "name": "WWE Raw"
        }
      ],
      "title": "Sairaghava Chowdam likes WWE Raw."
    },
    {
      "timestamp": 1406633225,
      "data": [
        {
          "name": "Mercedes-AMG Petronas Motorsport"
        }
      ],
      "title": "Sairaghava Chowdam likes Mercedes-AMG Petronas Motorsport."
    },
    {
      "timestamp": 1406125946,
      "data": [
        {
          "name": "Audi Sport"
        }
      ],
      "title": "Sairaghava Chowdam likes Audi Sport."
    },
    {
      "timestamp": 1406125915,
      "data": [
        {
          "name": "SunRisers Hyderabad"
        }
      ],
      "title": "Sairaghava Chowdam likes SunRisers Hyderabad."
    },
    {
      "timestamp": 1406125890,
      "data": [
        {
          "name": "Indian Cricket Team"
        }
      ],
      "title": "Sairaghava Chowdam likes Indian Cricket Team."
    },
    {
      "timestamp": 1404744451,
      "data": [
        {
          "name": "Mahesh Babu"
        }
      ],
      "title": "Sairaghava Chowdam likes Mahesh Babu."
    },
    {
      "timestamp": 1404744403,
      "data": [
        {
          "name": "Allu Arjun"
        }
      ],
      "title": "Sairaghava Chowdam likes Allu Arjun."
    },
    {
      "timestamp": 1404743740,
      "data": [
        {
          "name": "Prabhas"
        }
      ],
      "title": "Sairaghava Chowdam likes Prabhas."
    },
    {
      "timestamp": 1404743701,
      "data": [
        {
          "name": "SS Rajamouli"
        }
      ],
      "title": "Sairaghava Chowdam likes SS Rajamouli."
    },
    {
      "timestamp": 1404039732,
      "data": [
        {
          "name": "Ice Age Movies"
        }
      ],
      "title": "Sairaghava Chowdam likes Ice Age Movies."
    },
    {
      "timestamp": 1404039688,
      "data": [
        {
          "name": "The Adventures of Tintin"
        }
      ],
      "title": "Sairaghava Chowdam likes The Adventures of Tintin."
    },
    {
      "timestamp": 1404039658,
      "data": [
        {
          "name": "AB de Villiers"
        }
      ],
      "title": "Sairaghava Chowdam likes AB de Villiers."
    },
    {
      "timestamp": 1404039608,
      "data": [
        {
          "name": "Animal Planet"
        }
      ],
      "title": "Sairaghava Chowdam likes Animal Planet."
    },
    {
      "timestamp": 1404039590,
      "data": [
        {
          "name": "Man vs. Wild"
        }
      ],
      "title": "Sairaghava Chowdam likes Man vs. Wild."
    },
    {
      "timestamp": 1404039564,
      "data": [
        {
          "name": "Chris Gayle"
        }
      ],
      "title": "Sairaghava Chowdam likes Chris Gayle."
    },
    {
      "timestamp": 1404039477,
      "data": [
        {
          "name": "John Cena"
        }
      ],
      "title": "Sairaghava Chowdam likes John Cena."
    },
    {
      "timestamp": 1404039423,
      "data": [
        {
          "name": "WWE SmackDown"
        }
      ],
      "title": "Sairaghava Chowdam likes WWE SmackDown."
    },
    {
      "timestamp": 1404039365,
      "data": [
        {
          "name": "Yuvraj Singh"
        }
      ],
      "title": "Sairaghava Chowdam likes Yuvraj Singh."
    },
    {
      "timestamp": 1404039344,
      "data": [
        {
          "name": "Rohit Sharma"
        }
      ],
      "title": "Sairaghava Chowdam likes Rohit Sharma."
    },
    {
      "timestamp": 1404039329,
      "data": [
        {
          "name": "Dale Steyn - As Fast as I Can"
        }
      ],
      "title": "Sairaghava Chowdam likes Dale Steyn - As Fast as I Can."
    },
    {
      "timestamp": 1404039312,
      "data": [
        {
          "name": "Glenn Maxwell"
        }
      ],
      "title": "Sairaghava Chowdam likes Glenn Maxwell."
    },
    {
      "timestamp": 1404039288,
      "data": [
        {
          "name": "David Miller"
        }
      ],
      "title": "Sairaghava Chowdam likes David Miller."
    },
    {
      "timestamp": 1403719861,
      "data": [
        {
          "name": "Marvel"
        }
      ],
      "title": "Sairaghava Chowdam likes Marvel."
    },
    {
      "timestamp": 1403719843,
      "data": [
        {
          "name": "PlayStation"
        }
      ],
      "title": "Sairaghava Chowdam likes PlayStation."
    },
    {
      "timestamp": 1403719781,
      "data": [
        {
          "name": "Universal Studios Entertainment"
        }
      ],
      "title": "Sairaghava Chowdam likes Universal Studios Entertainment."
    },
    {
      "timestamp": 1403719726,
      "data": [
        {
          "name": "Sony Pictures"
        }
      ],
      "title": "Sairaghava Chowdam likes Sony Pictures."
    },
    {
      "timestamp": 1403719615,
      "data": [
        {
          "name": "DreamWorks Animation"
        }
      ],
      "title": "Sairaghava Chowdam likes DreamWorks Animation."
    },
    {
      "timestamp": 1403719591,
      "data": [
        {
          "name": "Warner Bros. Pictures"
        }
      ],
      "title": "Sairaghava Chowdam likes Warner Bros. Pictures."
    },
    {
      "timestamp": 1403719571,
      "data": [
        {
          "name": "Walt Disney Animation Studios"
        }
      ],
      "title": "Sairaghava Chowdam likes Walt Disney Animation Studios."
    },
    {
      "timestamp": 1403719540,
      "data": [
        {
          "name": "Rubik's: You Can Do The Cube"
        }
      ],
      "title": "Sairaghava Chowdam likes Rubik's: You Can Do The Cube."
    },
    {
      "timestamp": 1403719516,
      "data": [
        {
          "name": "Rubik's"
        }
      ],
      "title": "Sairaghava Chowdam likes Rubik's."
    },
    {
      "timestamp": 1403719387,
      "data": [
        {
          "name": "The Rubik's Cube Association"
        }
      ],
      "title": "Sairaghava Chowdam likes The Rubik's Cube Association."
    },
    {
      "timestamp": 1403541683,
      "data": [
        {
          "name": "Shawn Michaels"
        }
      ],
      "title": "Sairaghava Chowdam likes Shawn Michaels."
    },
    {
      "timestamp": 1403541660,
      "data": [
        {
          "name": "Circle of Cricket India"
        }
      ],
      "title": "Sairaghava Chowdam likes Circle of Cricket India."
    },
    {
      "timestamp": 1403541647,
      "data": [
        {
          "name": "Virat Kohli"
        }
      ],
      "title": "Sairaghava Chowdam likes Virat Kohli."
    },
    {
      "timestamp": 1403541634,
      "data": [
        {
          "name": "Shikhar Dhawan"
        }
      ],
      "title": "Sairaghava Chowdam likes Shikhar Dhawan."
    },
    {
      "timestamp": 1403541616,
      "data": [
        {
          "name": "The Great Khali"
        }
      ],
      "title": "Sairaghava Chowdam likes The Great Khali."
    },
    {
      "timestamp": 1403541592,
      "data": [
        {
          "name": "Kane"
        }
      ],
      "title": "Sairaghava Chowdam likes Kane."
    },
    {
      "timestamp": 1403541564,
      "data": [
        {
          "name": "Adam Edge Copeland"
        }
      ],
      "title": "Sairaghava Chowdam likes Adam Edge Copeland."
    },
    {
      "timestamp": 1403508205,
      "data": [
        {
          "name": "WWE"
        }
      ],
      "title": "Sairaghava Chowdam likes WWE."
    },
    {
      "timestamp": 1403508196,
      "data": [
        {
          "name": "Dwayne The Rock Johnson"
        }
      ],
      "title": "Sairaghava Chowdam likes Dwayne The Rock Johnson."
    },
    {
      "timestamp": 1403447201,
      "data": [
        {
          "name": "Sheamus"
        }
      ],
      "title": "Sairaghava Chowdam likes Sheamus."
    },
    {
      "timestamp": 1403447188,
      "data": [
        {
          "name": "Big Show"
        }
      ],
      "title": "Sairaghava Chowdam likes Big Show."
    },
    {
      "timestamp": 1403447176,
      "data": [
        {
          "name": "Undertaker"
        }
      ],
      "title": "Sairaghava Chowdam likes Undertaker."
    },
    {
      "timestamp": 1403447163,
      "data": [
        {
          "name": "Dave Bautista (Batista)"
        }
      ],
      "title": "Sairaghava Chowdam likes Dave Bautista (Batista)."
    },
    {
      "timestamp": 1403447140,
      "data": [
        {
          "name": "Brock Lesnar"
        }
      ],
      "title": "Sairaghava Chowdam likes Brock Lesnar."
    },
    {
      "timestamp": 1403447109,
      "data": [
        {
          "name": "Big E"
        }
      ],
      "title": "Sairaghava Chowdam likes Big E."
    },
    {
      "timestamp": 1403447085,
      "data": [
        {
          "name": "Seth Rollins"
        }
      ],
      "title": "Sairaghava Chowdam likes Seth Rollins."
    },
    {
      "timestamp": 1403447070,
      "data": [
        {
          "name": "Dean Ambrose"
        }
      ],
      "title": "Sairaghava Chowdam likes Dean Ambrose."
    },
    {
      "timestamp": 1403447046,
      "data": [
        {
          "name": "Roman Reigns"
        }
      ],
      "title": "Sairaghava Chowdam likes Roman Reigns."
    },
    {
      "timestamp": 1403447032,
      "data": [
        {
          "name": "Daniel Bryan"
        }
      ],
      "title": "Sairaghava Chowdam likes Daniel Bryan."
    },
    {
      "timestamp": 1403447013,
      "data": [
        {
          "name": "Randy Orton"
        }
      ],
      "title": "Sairaghava Chowdam likes Randy Orton."
    },
    {
      "timestamp": 1403446996,
      "data": [
        {
          "name": "John Cena"
        }
      ],
      "title": "Sairaghava Chowdam likes John Cena."
    },
    {
      "timestamp": 1402064882,
      "data": [
        {
          "name": "WWE: John Cena"
        }
      ],
      "title": "Sairaghava Chowdam likes WWE: John Cena."
    }
  ]
}